X,Y
-73.9970169,40.7623367
-73.9685415,40.780709
-73.9859619,40.7603416
-73.95261045,40.8107966
-73.9685415,40.780709
-73.9580246,40.7700703
-73.98373145,40.75391862
-73.9685415,40.780709
-73.9685415,40.780709
-73.9685415,40.780709
-73.9685415,40.780709
-73.9685415,40.780709
-74.0064,40.7142
-73.97530669,40.76892437
-73.9685415,40.780709
-74.0067978,40.7406616
-73.9685415,40.780709
-73.98743637,40.72190492
-73.97712991,40.76148016
-73.9685415,40.780709
-73.99747971,40.73089074
-73.9685415,40.780709
-73.96793833,40.79994562
-73.9685415,40.780709
-74.0064,40.7142
-73.9685415,40.780709
-73.9685415,40.780709
-73.97123167,40.7727461
-74.01064,40.72272
-73.9685415,40.780709
-73.9685415,40.780709
-73.9411469,40.8384514
-73.9685415,40.780709
-73.995059,40.755237
-73.97891732,40.75882475
-73.9756304,40.78906302
-73.9685415,40.780709
-74.0082932,40.7395058
-73.9629,40.761
-73.9685415,40.780709
-73.9685415,40.780709
-73.9685415,40.780709
-73.9685415,40.780709
-73.9685415,40.780709
-73.98899536,40.71852606
-73.97071642,40.78946043
-73.9685415,40.780709
-73.9685415,40.780709
-73.9685415,40.780709
-73.9685415,40.780709
-73.9685415,40.780709
-73.9685415,40.780709
-73.97740796,40.75261775
-73.931905,40.86484
-73.9685415,40.780709
-73.9685415,40.780709
-74.00611111,40.7425
-73.9685415,40.780709
-73.9685415,40.780709
-73.9685415,40.780709
-73.9685415,40.780709
-73.99974579,40.72841034
-74.00118993,40.75759585
-73.9685415,40.780709
-73.98583333,40.72111111
-73.9685415,40.780709
-73.9787216,40.7293892
-73.9685415,40.780709
-74.0064,40.7142
-73.9685415,40.780709
-73.98833333,40.75583333
-73.9685415,40.780709
-73.9685415,40.780709
-74.0064,40.7142
-73.9685415,40.780709
-73.97530669,40.76892437
-73.9685415,40.780709
-73.98283937,40.72276055
-73.9451639,40.8082599
-74.0011902,40.7321587
-73.9685415,40.780709
-73.9685415,40.780709
-73.9685415,40.780709
-73.949594,40.8268885
-73.9685415,40.780709
-73.9685415,40.780709
-73.9685415,40.780709
-73.95535063,40.80459891
-74.0059731,40.7143528
-73.9685415,40.780709
-73.97891732,40.75882475
-73.9685415,40.780709
-73.9685415,40.780709
-73.9685415,40.780709
-73.99831164,40.7456422
-73.9876328,40.7504463
-73.9685415,40.780709
-73.97216850000001,40.74578350000001
-73.99745069,40.74738373
-73.9685415,40.780709
-73.9685415,40.780709
-74.01515282,40.71461229
-73.9685415,40.780709
-73.9838793,40.7628377
-73.9685415,40.780709
-73.9685415,40.780709
-73.9685415,40.780709
-74.0064,40.7142
-73.9685415,40.780709
-73.9685415,40.780709
-74.0064,40.7142
-73.9685415,40.780709
-74.0059731,40.7143528
-73.9685415,40.780709
-73.9685415,40.780709
-73.9685415,40.780709
-73.9932,40.7202
-73.9685415,40.780709
-73.9685415,40.780709
-73.9685415,40.780709
-73.9685415,40.780709
-73.9870987,40.7576447
-73.9685415,40.780709
-73.9685415,40.780709
-73.9685415,40.780709
-74.013421,40.705576
-73.9685415,40.780709
-73.9685415,40.780709
-73.9685415,40.780709
-73.9685415,40.780709
-73.9685415,40.780709
-73.9685415,40.780709
-73.98789549,40.75618949
-73.9685415,40.780709
-73.97966829,40.72070805
-73.9685415,40.780709
-73.9685415,40.780709
-74.0059731,40.7143528
-73.99990976,40.73476083
-73.9685415,40.780709
-73.98920398,40.72930263
-73.9965335,40.730830999999995
-73.97530669,40.76892437
-73.9685415,40.780709
-73.9685415,40.780709
-73.9685415,40.780709
-73.9685415,40.780709
-73.9685415,40.780709
-73.9685415,40.780709
-73.9685415,40.780709
-74.0064,40.7142
-73.9685415,40.780709
-73.9685415,40.780709
-73.99278645,40.75052792
-73.9685415,40.780709
-73.98286282,40.72970186
-74.0064,40.7142
-73.9685415,40.780709
-73.9685415,40.780709
-73.93499971,40.84989705
-73.98844423,40.72183614
-73.97712991,40.76148016
-73.9685415,40.780709
-73.97530669,40.76892437
-73.97921998,40.75904549
-74.0064,40.7142
-73.9685415,40.780709
-73.96512581,40.76183647
-73.9685415,40.780709
-73.9685415,40.780709
-73.9685415,40.780709
-74.0082932,40.7395058
-73.9685415,40.780709
-74.006196,40.71495
-74.0007613,40.7207559
-73.9685415,40.780709
-73.9685415,40.780709
-73.9685415,40.780709
-73.9685415,40.780709
-73.9685415,40.780709
-73.9685415,40.780709
-73.9685415,40.780709
-73.99922632,40.72247931
-73.999939,40.7283745
-73.9685415,40.780709
-73.98914605,40.75819381
-73.9685415,40.780709
-73.9675,40.7779
-74.0064,40.7142
-73.9685415,40.780709
-74.002739,40.7270317
-73.97867285,40.794285
-73.9685415,40.780709
-73.9685415,40.780709
-73.9685415,40.780709
-73.9685415,40.780709
-73.94615625,40.7824168
-73.9685415,40.780709
-73.9685415,40.780709
-73.9685415,40.780709
-73.99278645,40.75052792
-73.9867783,40.753231
-73.984326,40.762039
-73.9685415,40.780709
-73.9685415,40.780709
-73.9685415,40.780709
-73.9685415,40.780709
-73.99278645,40.75052792
-73.9685415,40.780709
-73.9685415,40.780709
-73.9685415,40.780709
-73.9685415,40.780709
-73.9685415,40.780709
-73.99319509,40.74140245
-73.9690572,40.7971764
-73.9685415,40.780709
-73.9685415,40.780709
-73.9685415,40.780709
-73.9685415,40.780709
-73.95261045,40.8107966
-73.985457,40.758328
-73.9685415,40.780709
-73.9685415,40.780709
-74.0064,40.7142
-73.9685415,40.780709
-73.98903755,40.75685535
-73.96512581,40.76183647
-73.97530669,40.76892437
-73.9685415,40.780709
-73.9845123,40.7251892
-73.9685415,40.780709
-73.9685415,40.780709
-73.9685415,40.780709
-73.9685415,40.780709
-73.9685415,40.780709
-73.9685415,40.780709
-73.9685415,40.780709
-73.9685415,40.780709
-73.99278645,40.75052792
-73.9968719,40.7196884
-73.9685415,40.780709
-73.966456,40.7560275
-73.99278645,40.75052792
-73.9685415,40.780709
-73.9685415,40.780709
-73.9685415,40.780709
-73.925886,40.872458
-73.9685415,40.780709
-73.9685415,40.780709
-73.9544034,40.76976806
-73.9685415,40.780709
-74.0064,40.7142
-74.00614925,40.70945548
-73.9761879,40.7623675
-73.9685415,40.780709
-73.97990671,40.75823607
-73.9959717,40.7246819
-73.9685415,40.780709
-74.0064,40.7142
-73.99739119,40.71927955
-73.9685415,40.780709
-73.9685415,40.780709
-74.01736794,40.71487416
-73.98567528,40.76114038
-73.9685415,40.780709
-73.9685415,40.780709
-73.9685415,40.780709
-73.9685415,40.780709
-73.9685415,40.780709
-73.9685415,40.780709
-74.0064,40.7142
-73.9685415,40.780709
-73.9685415,40.780709
-73.9685415,40.780709
-73.9685415,40.780709
-73.9685415,40.780709
-73.9685415,40.780709
-73.9685415,40.780709
-73.9685415,40.780709
-73.99206643,40.74392364
-73.99249944,40.7452735
-73.985131,40.758895
-73.99667812,40.72364981
-73.9685415,40.780709
-73.9685415,40.780709
-73.9685415,40.780709
-73.98816,40.74147
-73.9685415,40.780709
-73.9685415,40.780709
-74.0067978,40.7406616
-73.9685415,40.780709
-73.9685415,40.780709
-74.004631,40.7208405
-73.9685415,40.780709
-73.99068385,40.76079785
-73.9685415,40.780709
-73.9960022,40.7650604
-73.9685415,40.780709
-73.9685415,40.780709
-73.94903387,40.80173469
-73.9685415,40.780709
-73.9767532,40.7591591
-73.99278645,40.75052792
-73.9685415,40.780709
-73.9685415,40.780709
-73.985672,40.7578621
-73.9685415,40.780709
-73.9786606,40.7677116
-73.9685415,40.780709
-73.9685415,40.780709
-73.9685415,40.780709
-73.9685415,40.780709
-74.0064011,40.7346191
-73.97530669,40.76892437
-73.9685415,40.780709
-73.9685415,40.780709
-74.0078506,40.7406998
-73.9685415,40.780709
-73.9685415,40.780709
-74.0064,40.7142
-73.9685415,40.780709
-73.9685415,40.780709
-73.9685415,40.780709
-73.9685415,40.780709
-73.9685415,40.780709
-73.99199884,40.73944928
-73.9685415,40.780709
-73.985131,40.758895
-73.9685415,40.780709
-73.9685415,40.780709
-73.9685415,40.780709
-73.9685415,40.780709
-73.99452112,40.72292731
-73.9685415,40.780709
-73.9685415,40.780709
-73.9824905,40.7713776
-73.9685415,40.780709
-73.9685415,40.780709
-73.99278645,40.75052792
-73.9685415,40.780709
-73.9685415,40.780709
-73.99922632,40.72247931
-73.9668,40.7582
-73.97530669,40.76892437
-73.9685415,40.780709
-74.00585451,40.74199931
-73.9685415,40.780709
-73.9685415,40.780709
-73.9685415,40.780709
-73.9685415,40.780709
-73.9685415,40.780709
-73.9685415,40.780709
-73.9685415,40.780709
-73.9685415,40.780709
-73.9685415,40.780709
-73.99974579,40.72841034
-73.9685415,40.780709
-73.98542374,40.72682237
-74.0059731,40.7143528
-73.9685415,40.780709
-73.99049945,40.72486448
-73.9685415,40.780709
-73.9685415,40.780709
-73.9685415,40.780709
-73.9685415,40.780709
-73.9685415,40.780709
-73.9685415,40.780709
-73.9685415,40.780709
-73.9685415,40.780709
-73.9685415,40.780709
-73.9685415,40.780709
-73.9685415,40.780709
-73.9685415,40.780709
-73.9685415,40.780709
-73.9685415,40.780709
-73.9832993,40.7600403
-73.9685415,40.780709
-74.01289661,40.71117171
-73.9685415,40.780709
-73.9685415,40.780709
-73.9685415,40.780709
-73.9958839,40.72621054
-73.9685415,40.780709
-73.9685415,40.780709
-73.9685415,40.780709
-74.0064,40.7142
-73.9685415,40.780709
-73.9879632,40.7498254
-73.9685415,40.780709
-73.97712991,40.76148016
-73.9685415,40.780709
-73.9685415,40.780709
-73.9685415,40.780709
-73.9685415,40.780709
-73.9685415,40.780709
-73.9685415,40.780709
-73.9685415,40.780709
-73.9685415,40.780709
-73.97530669,40.76892437
-74.00771821,40.74065615
-73.97530669,40.76892437
-73.9685415,40.780709
-73.9685415,40.780709
-73.9685415,40.780709
-73.9685415,40.780709
-73.9685415,40.780709
-73.9685415,40.780709
-73.9685415,40.780709
-74.0064,40.7142
-73.98575833,40.76041667
-73.9685415,40.780709
-73.9685415,40.780709
-73.9685415,40.780709
-73.9685415,40.780709
-74.0064,40.7142
-73.9685415,40.780709
-73.9685415,40.780709
-73.9685415,40.780709
-73.9685415,40.780709
-73.9685415,40.780709
-73.977175,40.752806
-74.00916964,40.74943087
-73.9685415,40.780709
-73.9685415,40.780709
-73.9827271,40.7567406
-73.9685415,40.780709
-73.9685415,40.780709
-73.9685415,40.780709
-73.9685415,40.780709
-73.9685415,40.780709
-73.9685415,40.780709
-74.0064,40.7142
-73.9685415,40.780709
-73.9685415,40.780709
-73.96242647,40.78060732
-73.9897766,40.7195091
-73.9685415,40.780709
-73.9685415,40.780709
-73.9685415,40.780709
-73.9761879,40.7623675
-73.9685415,40.780709
-74.0052261,40.7357216
-73.982811,40.7348289
-73.9685415,40.780709
-73.9894791,40.7192688
-73.9825211,40.7678604
-73.9685415,40.780709
-73.9685415,40.780709
-73.96885207,40.77514637
-73.9685415,40.780709
-73.9685415,40.780709
-74.0068665,40.7392502
-73.9685415,40.780709
-73.9685415,40.780709
-74.00916964,40.74943087
-73.9685415,40.780709
-73.98163319,40.77836415
-73.9685415,40.780709
-73.9685415,40.780709
-73.9685415,40.780709
-73.9685415,40.780709
-73.9685415,40.780709
-73.99278645,40.75052792
-73.9685415,40.780709
-73.9838867,40.7275314
-73.99185,40.739386
-74.0159363,40.71325451
-73.9685415,40.780709
-73.9685415,40.780709
-73.97530669,40.76892437
-73.97148823,40.78389568
-73.9685415,40.780709
-73.9697795,40.7519846
-73.9685415,40.780709
-73.99656119,40.74449398
-73.9685415,40.780709
-73.9819315,40.726698000000006
-73.9685415,40.780709
-73.9685415,40.780709
-73.97891732,40.75882475
-73.9685415,40.780709
-73.97530669,40.76892437
-73.989212,40.7206116
-73.9685415,40.780709
-73.95430081,40.79757367
-74.00001602,40.71669795
-74.00001602,40.71669795
-73.9685415,40.780709
-74.00001602,40.71669795
-74.00001602,40.71669795
-74.00001602,40.71669795
-74.00001602,40.71669795
-73.98006604,40.76508987
-74.00001602,40.71669795
-74.00001602,40.71669795
-74.00001602,40.71669795
-73.9838266,40.7539254
-73.9685415,40.780709
-73.9685415,40.780709
-73.9685415,40.780709
-73.9685415,40.780709
-73.9685415,40.780709
-73.9685415,40.780709
-73.985131,40.758895
-73.99553776,40.71607016
-73.9685415,40.780709
-73.9685415,40.780709
-73.9685415,40.780709
-74.01282645,40.7116531
-73.9685415,40.780709
-73.9685415,40.780709
-73.98542374,40.72682237
-74.0064,40.7142
-73.9685415,40.780709
-73.9685415,40.780709
-73.9685415,40.780709
-73.9685415,40.780709
-73.9685415,40.780709
-73.9685415,40.780709
-73.9685415,40.780709
-73.96228191,40.76068204
-73.9685415,40.780709
-73.9685415,40.780709
-73.9685415,40.780709
-73.9685415,40.780709
-73.9685415,40.780709
-73.9685415,40.780709
-73.9685415,40.780709
-73.9685415,40.780709
-73.9685415,40.780709
-73.97530669,40.76892437
-73.9685415,40.780709
-73.98562585,40.74880257
-73.9685415,40.780709
-73.980346,40.759903
-73.9685415,40.780709
-73.9685415,40.780709
-73.9685415,40.780709
-73.9685415,40.780709
-73.98463726,40.77381437
-73.9685415,40.780709
-73.9685415,40.780709
-74.00336432,40.74237462
-73.9685415,40.780709
-73.9685415,40.780709
-73.9895261,40.7507917
-73.9685415,40.780709
-74.0064,40.7142
-73.9685415,40.780709
-73.9886169,40.7449188
-73.9685415,40.780709
-73.99278645,40.75052792
-73.975777,40.76041
-73.9920625,40.7145515
-73.9685415,40.780709
-73.9685415,40.780709
-73.9685415,40.780709
-73.97990671,40.75823607
-73.9685415,40.780709
-73.9685415,40.780709
-73.9685415,40.780709
-73.98542374,40.72682237
-73.9685415,40.780709
-73.98583333,40.72111111
-74.0064,40.7142
-73.9685415,40.780709
-73.9685415,40.780709
-73.9685415,40.780709
-73.97890649,40.75885944
-73.9685415,40.780709
-73.9685415,40.780709
-73.9685415,40.780709
-73.9685415,40.780709
-73.9685415,40.780709
-73.98211719,40.7616554
-73.99397523,40.74628814
-73.9685415,40.780709
-73.9685415,40.780709
-73.9809397,40.75928779
-74.01106817,40.71056828
-73.98286282,40.72970186
-73.9685415,40.780709
-73.9685415,40.780709
-73.97717535,40.75280621
-73.985131,40.758895
-73.9685415,40.780709
-73.9838181,40.7421494
-73.9685415,40.780709
-74.0064,40.7142
-73.96443877,40.76804497
-73.9685415,40.780709
-73.9685415,40.780709
-73.9685415,40.780709
-73.9685415,40.780709
-73.9685415,40.780709
-73.9685415,40.780709
-73.9685415,40.780709
-73.9685415,40.780709
-73.985657,40.721097
-73.99971093,40.71563676
-74.0064,40.7142
-73.98972222,40.71722222
-74.0059731,40.7143528
-73.99888889,40.73305556
-73.985131,40.758895
-73.9685415,40.780709
-74.0064,40.7142
-73.9685415,40.780709
-73.9685415,40.780709
-73.9685415,40.780709
-73.97723788,40.75390338
-73.9685415,40.780709
-73.9685415,40.780709
-73.9685415,40.780709
-74.00913893,40.71080904
-73.9685415,40.780709
-73.9685415,40.780709
-73.9685415,40.780709
-73.99747971,40.73089074
-73.9685415,40.780709
-74.0064,40.7142
-73.98652496,40.7569768
-73.9685415,40.780709
-73.9685415,40.780709
-73.9917,40.7314
-73.9685415,40.780709
-73.98656309,40.75688403
-73.9883458,40.7312727
-74.01281565,40.71612058
-73.9816895,40.7289886
-74.01319742,40.71302875
-73.9685415,40.780709
-73.9685415,40.780709
-73.9685415,40.780709
-73.9867706,40.7203598
-74.0064,40.7142
-73.98172431,40.73345337
-73.9685415,40.780709
-73.9867783,40.753231
-73.9773584,40.74959497
-73.99104,40.728054
-73.9685415,40.780709
-73.9685415,40.780709
-73.9685415,40.780709
-73.99278645,40.75052792
-73.9854813,40.749939
-73.9685415,40.780709
-73.988035,40.737997
-74.00611111,40.7425
-73.97183333,40.77583333
-73.9685415,40.780709
-73.9685415,40.780709
-73.9685415,40.780709
-73.9685415,40.780709
-73.9685415,40.780709
-73.9685415,40.780709
-73.9685415,40.780709
-73.9685415,40.780709
-73.9959,40.727166
-73.9685415,40.780709
-73.988472,40.7210197
-73.9685415,40.780709
-74.0082932,40.7395058
-73.9685415,40.780709
-73.9685415,40.780709
-73.9685415,40.780709
-73.9685415,40.780709
-73.9685415,40.780709
-73.9685415,40.780709
-73.9685415,40.780709
-73.98643778,40.72724499
-73.9685415,40.780709
-73.9685415,40.780709
-73.97530669,40.76892437
-73.9685415,40.780709
-73.9685415,40.780709
-73.9685415,40.780709
-73.9685415,40.780709
-74.0059731,40.7143528
-73.9685415,40.780709
-73.9721065,40.77113867
-74.01289661,40.71117171
-73.9685415,40.780709
-74.009145,40.712348
-73.9685415,40.780709
-73.9685415,40.780709
-73.9685415,40.780709
-73.97530669,40.76892437
-73.9685415,40.780709
-73.9685415,40.780709
-73.9685415,40.780709
-73.98841452,40.71661053
-73.9685415,40.780709
-73.995059,40.755237
-73.9685415,40.780709
-73.9685415,40.780709
-73.9685415,40.780709
-73.99816506,40.76110739
-73.9685415,40.780709
-73.9685415,40.780709
-73.97530669,40.76892437
-73.9685415,40.780709
-74.005286,40.7479615
-73.9685415,40.780709
-73.9685415,40.780709
-73.9685415,40.780709
-73.9685415,40.780709
-73.9685415,40.780709
-73.9685415,40.780709
-73.9685415,40.780709
-73.9685415,40.780709
-73.9685415,40.780709
-74.0064,40.7142
-73.9685415,40.780709
-73.9685415,40.780709
-73.9685415,40.780709
-73.9685415,40.780709
-73.9685415,40.780709
-73.955297,40.7683035
-73.9685415,40.780709
-73.95441539,40.78660812
-73.9685415,40.780709
-73.98803897,40.74358489
-73.9685415,40.780709
-73.985131,40.758895
-74.01830498,40.70794189
-73.9685415,40.780709
-73.99278645,40.75052792
-73.9685415,40.780709
-73.9685415,40.780709
-73.99922632,40.72247931
-73.9685415,40.780709
-73.9685415,40.780709
-73.9816284,40.74388129
-73.9685415,40.780709
-74.0064,40.7142
-73.9685415,40.780709
-73.9685415,40.780709
-73.97530669,40.76892437
-73.9685415,40.780709
-73.9685415,40.780709
-73.9685415,40.780709
-74.00514298,40.71988579
-73.9685415,40.780709
-74.0067978,40.7406616
-73.99916667,40.6975
-73.9685415,40.780709
-73.9685415,40.780709
-73.9685415,40.780709
-73.98872977,40.75048414
-73.9685415,40.780709
-73.9685415,40.780709
-73.9685415,40.780709
-73.949594,40.8268885
-74.00597,40.71427
-73.99922632,40.72247931
-74.00404355,40.71098913
-74.0059731,40.7143528
-73.9894943,40.7418594
-73.9685415,40.780709
-73.992,40.7291
-73.9685415,40.780709
-73.99253,40.72863
-73.9685415,40.780709
-73.9685415,40.780709
-74.01456119,40.71600718
-73.9685415,40.780709
-74.0064,40.7142
-73.9685415,40.780709
-74.01280908,40.71215302
-73.9685415,40.780709
-73.9594727,40.7830811
-73.9685415,40.780709
-73.9685415,40.780709
-73.9685415,40.780709
-73.9685415,40.780709
-74.0064,40.7142
-74.005286,40.7479615
-73.9685415,40.780709
-73.9685415,40.780709
-73.9685415,40.780709
-73.9685415,40.780709
-73.9884796,40.7349586
-73.9329681,40.8483505
-73.986537,40.750854
-73.9685415,40.780709
-73.9685415,40.780709
-73.9685415,40.780709
-73.9685415,40.780709
-74.0064,40.7142
-73.9685415,40.780709
-73.9685415,40.780709
-73.9685415,40.780709
-73.9685415,40.780709
-73.9685415,40.780709
-73.9685415,40.780709
-73.9685415,40.780709
-73.9685415,40.780709
-74.0078506,40.7406998
-73.9685415,40.780709
-73.99569731,40.70293253
-73.9685415,40.780709
-73.9685415,40.780709
-73.9685415,40.780709
-73.99278645,40.75052792
-73.986268,40.75649
-73.99278645,40.75052792
-73.9685415,40.780709
-73.9685415,40.780709
-73.98996115,40.72968239
-73.9685415,40.780709
-73.9685415,40.780709
-73.98325505,40.77260247
-73.92865841,40.86515331
-73.9685415,40.780709
-73.98011025,40.74311932
-73.9685415,40.780709
-73.9685415,40.780709
-73.99042638,40.74434085
-73.9685415,40.780709
-73.9685415,40.780709
-73.9685415,40.780709
-73.9685415,40.780709
-73.9685415,40.780709
-73.97358011,40.76630279
-74.00835663,40.74080723
-73.9685415,40.780709
-73.9685415,40.780709
-73.994926,40.722974
-73.99278645,40.75052792
-73.9685415,40.780709
-73.9685415,40.780709
-73.9685415,40.780709
-74.00192375,40.72072731
-73.9685415,40.780709
-74.00192678,40.72834074
-73.9685415,40.780709
-73.9685415,40.780709
-73.9776,40.742
-73.9981689,40.7569199
-73.9685415,40.780709
-73.97530669,40.76892437
-73.9685415,40.780709
-73.9685415,40.780709
-73.9685415,40.780709
-73.9685415,40.780709
-73.9685415,40.780709
-73.9685415,40.780709
-73.98581207,40.7569653
-73.9685415,40.780709
-73.9594727,40.7830811
-73.9807205,40.7832832
-73.9685415,40.780709
-73.9685415,40.780709
-74.00633401,40.74246891
-73.9685415,40.780709
-73.9685415,40.780709
-73.9685415,40.780709
-73.97421286,40.79201364
-73.985131,40.758895
-73.9685415,40.780709
-73.9685415,40.780709
-73.9685415,40.780709
-73.9685415,40.780709
-73.9685415,40.780709
-73.9685415,40.780709
-73.9681933,40.79954042
-74.0064,40.7142
-73.9685415,40.780709
-73.9685415,40.780709
-73.9685415,40.780709
-74.0067978,40.7406616
-73.9822922,40.7468605
-73.9685415,40.780709
-73.9685415,40.780709
-73.9685415,40.780709
-73.98674,40.76422
-73.992114,40.725759
-73.9685415,40.780709
-73.96174545,40.79421411
-73.9685415,40.780709
-73.9685415,40.780709
-73.9685415,40.780709
-73.9421725,40.8102178
-73.970327,40.801823
-73.9685415,40.780709
-73.9685415,40.780709
-73.9685415,40.780709
-73.983822,40.753499
-73.97472222,40.78055556
-73.9685415,40.780709
-73.9685415,40.780709
-73.9685415,40.780709
-73.9903336,40.7519608
-73.9685415,40.780709
-73.97345563,40.75318257
-73.9685415,40.780709
-73.9685415,40.780709
-73.9685415,40.780709
-73.9685415,40.780709
-73.9685415,40.780709
-73.9685415,40.780709
-73.9685415,40.780709
-73.9685415,40.780709
-73.9685415,40.780709
-73.9685415,40.780709
-73.9685415,40.780709
-73.9685415,40.780709
-73.966456,40.7560275
-73.92552149,40.86423548
-73.9685415,40.780709
-73.9685415,40.780709
-73.9685415,40.780709
-73.9685415,40.780709
-73.99319509,40.74140245
-73.9685415,40.780709
-74.01280908,40.71215302
-73.9685415,40.780709
-73.9685415,40.780709
-73.9685415,40.780709
-74.0059731,40.7143528
-73.9685415,40.780709
-73.9685415,40.780709
-73.9685415,40.780709
-73.9685415,40.780709
-73.9685415,40.780709
-73.9685415,40.780709
-73.9685415,40.780709
-73.9685415,40.780709
-73.98846038,40.76422758
-73.9685415,40.780709
-73.9685415,40.780709
-73.98735461,40.72024224
-73.97530669,40.76892437
-73.9685415,40.780709
-73.9685415,40.780709
-73.9896469,40.7288208
-73.9685415,40.780709
-74.0103149,40.7296219
-73.9685415,40.780709
-73.9685415,40.780709
-73.9685415,40.780709
-73.9685415,40.780709
-73.97408598,40.76422894
-73.9685415,40.780709
-73.9685415,40.780709
-73.9685415,40.780709
-74.0064,40.7142
-73.9685415,40.780709
-73.98885650000001,40.747146
-73.9685415,40.780709
-73.9685415,40.780709
-73.9685415,40.780709
-73.9685415,40.780709
-73.9685415,40.780709
-73.9685415,40.780709
-73.9685415,40.780709
-73.9685415,40.780709
-73.9685415,40.780709
-73.9685415,40.780709
-73.9912796,40.7268219
-73.9685415,40.780709
-73.9685415,40.780709
-73.96927672,40.76118248
-73.9859619,40.7603416
-73.9685415,40.780709
-73.9685415,40.780709
-73.9928513,40.7223396
-73.9685415,40.780709
-73.9685415,40.780709
-73.9685415,40.780709
-73.9685415,40.780709
-73.9685415,40.780709
-73.9685415,40.780709
-73.987007,40.7770105
-73.9685415,40.780709
-73.98562585,40.74880257
-73.9685415,40.780709
-73.99278645,40.75052792
-73.9685415,40.780709
-74.01384243,40.71334893
-73.9685415,40.780709
-74.0064,40.7142
-73.9685415,40.780709
-73.9685415,40.780709
-73.985131,40.758895
-73.9685415,40.780709
-73.97530669,40.76892437
-73.9685415,40.780709
-73.96820972,40.75640173
-73.9685415,40.780709
-73.9870071,40.7596397
-73.9685415,40.780709
-73.9685415,40.780709
-73.9685415,40.780709
-73.9685415,40.780709
-73.9685415,40.780709
-73.99278645,40.75052792
-73.9685415,40.780709
-73.97530669,40.76892437
-73.9685415,40.780709
-73.9685415,40.780709
-74.0064,40.7142
-73.9685415,40.780709
-73.9868546,40.7668533
-73.9685415,40.780709
-73.9685415,40.780709
-73.97183333,40.77583333
-73.9685415,40.780709
-73.9767022,40.7727015
-73.9685415,40.780709
-73.9685415,40.780709
-73.989937,40.747046
-73.9852676,40.7180214
-73.9685415,40.780709
-73.99734466,40.71359726
-73.9685415,40.780709
-73.9685415,40.780709
-73.9685415,40.780709
-73.9685415,40.780709
-73.9685415,40.780709
-73.98166667,40.72638889
-73.9685415,40.780709
-73.9685415,40.780709
-73.9685415,40.780709
-73.9685415,40.780709
-73.9685415,40.780709
-74.00611111,40.7425
-73.97530669,40.76892437
-73.9685415,40.780709
-73.9685415,40.780709
-73.93241506,40.84875387
-73.9685415,40.780709
-73.9685415,40.780709
-73.9685415,40.780709
-73.9916763,40.7157898
-73.92000637,40.86138327
-74.003126,40.75058698
-73.9886169,40.7235489
-73.9685415,40.780709
-73.97891732,40.75882475
-73.9685415,40.780709
-73.9685415,40.780709
-73.98188093,40.77472673
-73.9685415,40.780709
-73.9685415,40.780709
-73.9685415,40.780709
-73.993499,40.750516
-73.99278645,40.75052792
-73.97881428,40.75868667
-73.9685415,40.780709
-73.9685415,40.780709
-73.9685415,40.780709
-73.9685415,40.780709
-73.9685415,40.780709
-73.9685415,40.780709
-73.9685415,40.780709
-73.9685415,40.780709
-73.9685415,40.780709
-74.0064,40.7142
-73.97530669,40.76892437
-73.9964142,40.7677345
-73.9685415,40.780709
-73.9685415,40.780709
-73.9685415,40.780709
-73.9685415,40.780709
-73.9685415,40.780709
-74.0064,40.7142
-73.9685415,40.780709
-73.9685415,40.780709
-73.9685415,40.780709
-73.9932,40.7202
-73.996793,40.737231
-73.9685415,40.780709
-74.000937,40.7576
-73.9685415,40.780709
-73.9685415,40.780709
-74.0064,40.7142
-73.95141495,40.81003546
-73.9685415,40.780709
-74.01636078,40.70303942
-73.9685415,40.780709
-73.9685415,40.780709
-73.9685415,40.780709
-73.99161,40.741684
-73.9685415,40.780709
-73.9685415,40.780709
-73.95197935,40.7903219
-73.9685415,40.780709
-73.9685415,40.780709
-73.9685415,40.780709
-73.9685415,40.780709
-73.9347535,40.80067599999999
-73.9685415,40.780709
-73.925506,40.866338
-73.9685415,40.780709
-73.9685415,40.780709
-73.9685415,40.780709
-73.998434,40.735142
-73.9685415,40.780709
-73.9685415,40.780709
-73.9685415,40.780709
-73.9685415,40.780709
-74.0064,40.7142
-73.9685415,40.780709
-73.9685415,40.780709
-73.9685415,40.780709
-73.9685415,40.780709
-73.9685415,40.780709
-73.9685415,40.780709
-73.9685415,40.780709
-73.97990671,40.75823607
-74.0064,40.7142
-73.9685415,40.780709
-73.9685415,40.780709
-73.9685415,40.780709
-73.9685415,40.780709
-73.9685415,40.780709
-73.96912701,40.80014311
-73.9685415,40.780709
-73.9685415,40.780709
-73.9685415,40.780709
-73.97284421,40.77465369
-74.0064,40.7142
-73.998436,40.735133
-73.9685415,40.780709
-73.9685415,40.780709
-73.9685415,40.780709
-73.9685415,40.780709
-73.9685415,40.780709
-73.9685415,40.780709
-73.9685415,40.780709
-73.9685415,40.780709
-73.985131,40.758895
-73.98188093,40.77472673
-73.99944949,40.73474069
-73.9685415,40.780709
-73.9685415,40.780709
-73.994296,40.755027
-73.9685415,40.780709
-73.9685415,40.780709
-73.9685415,40.780709
-73.9685415,40.780709
-73.9685415,40.780709
-74.0064,40.7142
-73.9685415,40.780709
-73.9685415,40.780709
-73.9685415,40.780709
-73.9685415,40.780709
-73.9685415,40.780709
-73.994287,40.755024
-73.9685415,40.780709
-73.9685415,40.780709
-73.9685415,40.780709
-73.9685415,40.780709
-73.9685415,40.780709
-73.96458643,40.7787025
-73.985131,40.758895
-73.9685415,40.780709
-73.99278645,40.75052792
-73.9685415,40.780709
-73.9685415,40.780709
-73.96539800000001,40.782453000000004
-73.9685415,40.780709
-73.9685415,40.780709
-73.9685415,40.780709
-73.9685415,40.780709
-73.9884796,40.7349586
-73.9685415,40.780709
-73.9685415,40.780709
-73.9685415,40.780709
-73.9685415,40.780709
-73.9685415,40.780709
-73.98824228,40.75687915
-73.9685415,40.780709
-73.925886,40.872458
-73.9685415,40.780709
-73.9685415,40.780709
-73.985131,40.758895
-73.9685415,40.780709
-73.9685415,40.780709
-73.9685415,40.780709
-73.9685415,40.780709
-73.985131,40.758895
-73.9685415,40.780709
-73.9685415,40.780709
-73.9685415,40.780709
-73.9685415,40.780709
-73.9685415,40.780709
-73.9685415,40.780709
-73.9685415,40.780709
-73.9685415,40.780709
-73.9685415,40.780709
-73.9685415,40.780709
-73.9685415,40.780709
-73.9685415,40.780709
-73.9685415,40.780709
-74.0078506,40.7406998
-73.93543847,40.79789578
-73.9685415,40.780709
-73.93567499,40.80336464
-74.00541012,40.73149467
-73.9685415,40.780709
-73.9685415,40.780709
-73.9685415,40.780709
-73.9685415,40.780709
-73.9685415,40.780709
-73.9685415,40.780709
-73.9890996,40.72682773
-73.9685415,40.780709
-73.9685415,40.780709
-73.9685415,40.780709
-73.994277,40.75502
-73.9685415,40.780709
-73.9685415,40.780709
-73.9685415,40.780709
-73.9685415,40.780709
-73.9685415,40.780709
-73.9685415,40.780709
-73.9685415,40.780709
-73.9685415,40.780709
-74.0007613,40.7207559
-73.9685415,40.780709
-73.9685415,40.780709
-73.9685415,40.780709
-73.9845123,40.7596245
-73.9685415,40.780709
-74.0066986,40.739254
-73.9685415,40.780709
-73.9685415,40.780709
-73.9685415,40.780709
-73.995211,40.757006
-73.9621515,40.812573
-73.9685415,40.780709
-74.0064,40.7142
-73.9685415,40.780709
-73.9685415,40.780709
-73.97738889,40.78891667
-73.98869812,40.74845585
-73.9621515,40.812573
-73.9658598,40.7605794
-73.9706421,40.7585716
-73.9685415,40.780709
-73.94025101,40.79950816
-73.98626804,40.75648987
-73.9685415,40.780709
-73.9685415,40.780709
-73.97692323,40.75801773
-73.9685415,40.780709
-73.9685415,40.780709
-73.9685415,40.780709
-74.0064,40.7142
-73.9685415,40.780709
-73.9685415,40.780709
-73.9685415,40.780709
-73.9685415,40.780709
-73.9685415,40.780709
-73.9685415,40.780709
-73.9685415,40.780709
-73.9685415,40.780709
-73.985131,40.758895
-73.9685415,40.780709
-74.00238592,40.73338173
-73.9685415,40.780709
-74.01636078,40.70303942
-73.97921998,40.75904549
-73.9685415,40.780709
-73.9685415,40.780709
-73.9685415,40.780709
-73.9685415,40.780709
-73.9685415,40.780709
-73.9962311,40.7667999
-73.9685415,40.780709
-73.9685415,40.780709
-73.98490937,40.7623147
-73.9685415,40.780709
-73.9685415,40.780709
-73.9685415,40.780709
-73.9685415,40.780709
-73.9685415,40.780709
-73.9685415,40.780709
-73.9685415,40.780709
-73.9685415,40.780709
-73.9685415,40.780709
-73.9685415,40.780709
-73.97835364,40.76157136
-73.985131,40.758895
-73.9685415,40.780709
-73.9685415,40.780709
-73.97617473,40.75987107
-73.9685415,40.780709
-73.9685415,40.780709
-73.9685415,40.780709
-73.9685415,40.780709
-73.9685415,40.780709
-73.9685415,40.780709
-73.9917578,40.7591159
-73.9685415,40.780709
-73.9685415,40.780709
-74.00177121,40.7353238
-73.9685415,40.780709
-73.98165136,40.75834385
-73.9685415,40.780709
-73.97530669,40.76892437
-73.9685415,40.780709
-73.9685415,40.780709
-73.9685415,40.780709
-74.01289661,40.71117171
-73.9685415,40.780709
-73.97990671,40.75823607
-73.9685415,40.780709
-73.97634254,40.76550561
-73.9685415,40.780709
-73.9685415,40.780709
-73.9685415,40.780709
-73.9685415,40.780709
-73.9685415,40.780709
-73.9685415,40.780709
-73.9685415,40.780709
-73.9685415,40.780709
-73.9685415,40.780709
-73.9685415,40.780709
-73.9685415,40.780709
-73.99922632,40.72247931
-73.9685415,40.780709
-73.94002252,40.79061167
-73.9836,40.7617
-73.9685415,40.780709
-73.9718,40.77866375
-73.9685415,40.780709
-73.9685415,40.780709
-73.97530669,40.76892437
-73.97530669,40.76892437
-73.9685415,40.780709
-73.9685415,40.780709
-74.01830498,40.70794189
-74.0064,40.7142
-73.9685415,40.780709
-74.00460872,40.71223039
-73.9685415,40.780709
-73.9938431,40.7194214
-74.0007613,40.7207559
-73.9685415,40.780709
-73.9685415,40.780709
-73.9685415,40.780709
-73.9685415,40.780709
-74.0064,40.7142
-73.99214745,40.72649449
-73.9685415,40.780709
-73.9685415,40.780709
-73.9685415,40.780709
-73.9685415,40.780709
-73.9685415,40.780709
-74.0064,40.7142
-74.001801,40.726446
-73.966456,40.7560275
-73.9685415,40.780709
-73.9685415,40.780709
-73.9685415,40.780709
-73.9685415,40.780709
-73.9772611,40.74288184
-73.9685415,40.780709
-73.9685415,40.780709
-73.9767532,40.7591591
-73.92849849999999,40.8569435
-73.9685415,40.780709
-73.9685415,40.780709
-74.0007613,40.7207559
-73.9685415,40.780709
-73.989767,40.759495
-74.0064,40.7142
-73.9836,40.7617
-74.01384243,40.71334893
-73.9685415,40.780709
-73.99326136,40.74077584
-73.994298,40.758821
-73.9685415,40.780709
-73.9685415,40.780709
-73.9685415,40.780709
-73.9685415,40.780709
-73.9685415,40.780709
-73.9685415,40.780709
-74.0082932,40.7395058
-74.0064,40.7142
-73.9685415,40.780709
-73.9685415,40.780709
-73.9685415,40.780709
-73.98996115,40.72968239
-73.9685415,40.780709
-73.9253387,40.8619118
-73.9888229,40.7560921
-74.0064,40.7142
-73.9927597,40.7696991
-73.9685415,40.780709
-73.9685415,40.780709
-73.9685415,40.780709
-73.9685415,40.780709
-73.9685415,40.780709
-73.9685415,40.780709
-73.9685415,40.780709
-73.97725582,40.76175596
-73.9685415,40.780709
-73.98870869,40.71878492
-73.9685415,40.780709
-73.9685415,40.780709
-73.9685415,40.780709
-73.9902496,40.7259598
-73.9685415,40.780709
-73.9879837,40.743988
-73.9685415,40.780709
-73.9685415,40.780709
-73.9685415,40.780709
-73.931905,40.86484
-73.9685415,40.780709
-73.9685415,40.780709
-73.980346,40.759903
-73.9685415,40.780709
-73.9685415,40.780709
-73.9685415,40.780709
-73.9621515,40.812573
-73.97921998,40.75904549
-73.9685415,40.780709
-73.9837494,40.7735023
-73.9685415,40.780709
-73.97201150000001,40.79871949999999
-73.9685415,40.780709
-73.985131,40.758895
-73.985131,40.758895
-73.9685415,40.780709
-73.9685415,40.780709
-73.9685415,40.780709
-73.931905,40.86484
-74.0064,40.7142
-73.9685415,40.780709
-73.9685415,40.780709
-73.9685415,40.780709
-73.9685415,40.780709
-73.97313565,40.76395046
-73.9685415,40.780709
-73.977272,40.7645187
-73.9685415,40.780709
-73.9685415,40.780709
-73.9198074,40.8652115
-73.9685415,40.780709
-73.97201150000001,40.79871949999999
-73.9685415,40.780709
-73.988678,40.7563515
-73.931905,40.86484
-73.98614283,40.74969475
-73.9756622,40.7592697
-73.9685415,40.780709
-73.97530669,40.76892437
-73.9685415,40.780709
-73.9685415,40.780709
-73.9685415,40.780709
-73.9685415,40.780709
-73.9961633,40.72754781
-73.9840579,40.75462876
-73.92849849999999,40.8569435
-73.9825419,40.7628608
-73.97921998,40.75904549
-74.01282645,40.7116531
-73.97102209,40.75507226
-73.99916667,40.6975
-73.9685415,40.780709
-73.9685415,40.780709
-73.9685415,40.780709
-73.9685415,40.780709
-73.9685415,40.780709
-73.9685415,40.780709
-73.99395602,40.73453873
-73.9685415,40.780709
-73.9685415,40.780709
-73.97530669,40.76892437
-73.9685415,40.780709
-73.9685415,40.780709
-74.0064,40.7142
-73.98305556,40.76777778
-73.9685415,40.780709
-73.9685415,40.780709
-73.97881428,40.75868667
-73.9685415,40.780709
-73.97105792,40.79307649
-73.9685415,40.780709
-73.9685415,40.780709
-73.9685415,40.780709
-74.0064,40.7142
-73.9685415,40.780709
-73.9700675,40.79738859
-73.9685415,40.780709
-73.99105192,40.73972198
-74.0009079,40.7306099
-73.9685415,40.780709
-73.97891732,40.75882475
-73.9685415,40.780709
-73.9685415,40.780709
-73.9685415,40.780709
-73.9685415,40.780709
-73.9685415,40.780709
-73.9685415,40.780709
-73.9685415,40.780709
-73.9685415,40.780709
-73.9685415,40.780709
-73.9854507,40.7648811
-73.994139,40.758588
-73.9685415,40.780709
-73.9685415,40.780709
-73.9685415,40.780709
-74.00001602,40.71669795
-74.00001602,40.71669795
-74.0064,40.7142
-74.00001602,40.71669795
-74.00001602,40.71669795
-74.00001602,40.71669795
-74.00001602,40.71669795
-74.00001602,40.71669795
-74.00001602,40.71669795
-74.00001602,40.71669795
-74.0064,40.7142
-73.97530669,40.76892437
-73.9685415,40.780709
-73.9685415,40.780709
-73.993853,40.758799
-73.9685415,40.780709
-73.99278645,40.75052792
-73.9685415,40.780709
-73.9685415,40.780709
-73.99192421,40.73836801
-73.9685415,40.780709
-73.9685415,40.780709
-73.9920625,40.7145515
-73.9685415,40.780709
-73.9685415,40.780709
-73.9685415,40.780709
-73.9685415,40.780709
-73.9685415,40.780709
-73.9685415,40.780709
-73.97149281,40.7622739
-73.9919686,40.729177
-73.9685415,40.780709
-74.00523797,40.72388644
-73.9685415,40.780709
-73.9685415,40.780709
-73.97990671,40.75823607
-73.9685415,40.780709
-73.9685415,40.780709
-73.9685415,40.780709
-74.0064,40.7142
-73.985131,40.758895
-73.9685415,40.780709
-73.98098148,40.76424768
-73.97973236,40.75987675
-73.9703979,40.7600098
-73.9685415,40.780709
-73.97156735,40.76266903
-74.01533876,40.71498091
-73.9685415,40.780709
-73.965983,40.762152
-73.98626804,40.75648987
-73.9685415,40.780709
-73.9685415,40.780709
-73.9685415,40.780709
-73.9685415,40.780709
-74.0053482,40.7207794
-73.9685415,40.780709
-73.9685415,40.780709
-73.9685415,40.780709
-73.99064541,40.73682776
-74.01280908,40.71215302
-73.9685415,40.780709
-73.9685415,40.780709
-73.9685415,40.780709
-73.9685415,40.780709
-73.9685415,40.780709
-73.9685415,40.780709
-73.9685415,40.780709
-73.9685415,40.780709
-73.9867706,40.7203598
-73.9685415,40.780709
-73.9685415,40.780709
-73.9685415,40.780709
-73.9685415,40.780709
-73.97156735,40.76266903
-73.9685415,40.780709
-73.9685415,40.780709
-73.9685415,40.780709
-73.9932785,40.7572708
-73.997462,40.719007
-73.9685415,40.780709
-73.981781,40.7776489
-73.9516025,40.80918941
-74.00118993,40.75759585
-73.9685415,40.780709
-73.9685415,40.780709
-73.92849849999999,40.8569435
-73.9685415,40.780709
-73.9685415,40.780709
-73.9685415,40.780709
-73.9685415,40.780709
-73.9685415,40.780709
-73.9685415,40.780709
-73.9685415,40.780709
-74.0064,40.7142
-73.9685415,40.780709
-73.9668,40.7582
-73.9685415,40.780709
-73.9685415,40.780709
-74.01628978,40.70353735
-73.9685415,40.780709
-73.9685415,40.780709
-73.99278645,40.75052792
-73.977391,40.787799
-73.9685415,40.780709
-73.9685415,40.780709
-73.972462,40.793762
-73.9685415,40.780709
-73.9685415,40.780709
-73.9253387,40.8619118
-74.0064,40.7142
-73.9685415,40.780709
-73.99269898,40.71834271
-73.9685415,40.780709
-73.9685415,40.780709
-73.9685415,40.780709
-73.98816,40.74147
-73.9685415,40.780709
-73.9685415,40.780709
-74.0059729,40.7142691
-74.00845228,40.72343835
-73.9685415,40.780709
-73.9685415,40.780709
-73.9685415,40.780709
-73.9622192,40.7608986
-73.9685415,40.780709
-73.9685415,40.780709
-73.9685415,40.780709
-73.9685415,40.780709
-73.99599711,40.73716379
-73.9685415,40.780709
-73.9685415,40.780709
-74.0064,40.7142
-73.9685415,40.780709
-73.9685415,40.780709
-73.97229574,40.79784551
-73.9685415,40.780709
-73.9685415,40.780709
-73.9750868,40.72020106
-73.9685415,40.780709
-73.9685415,40.780709
-73.9685415,40.780709
-73.9685415,40.780709
-73.9685415,40.780709
-73.9685415,40.780709
-73.9685415,40.780709
-73.9685415,40.780709
-73.9685415,40.780709
-73.9685415,40.780709
-73.9685415,40.780709
-73.9685415,40.780709
-73.9685415,40.780709
-73.9685415,40.780709
-73.9685415,40.780709
-74.00460872,40.71223039
-74.0064,40.7142
-73.9685415,40.780709
-73.95100037,40.77123072
-74.00611111,40.7425
-73.98872977,40.75048414
-74.0031967,40.7239418
-74.0098,40.7142
-73.9685415,40.780709
-73.9685415,40.780709
-73.989212,40.7206116
-73.9932,40.7202
-73.9685415,40.780709
-73.989212,40.7206116
-74.00624967,40.733412
-73.9685415,40.780709
-73.9685415,40.780709
-73.97354189,40.75652616
-73.9685415,40.780709
-73.9685415,40.780709
-74.0059731,40.7143528
-73.9894409,40.7594452
-74.0064,40.7142
-73.9965335,40.730830999999995
-73.9685415,40.780709
-73.9685415,40.780709
-73.9685415,40.780709
-73.9685415,40.780709
-73.9685415,40.780709
-73.9685415,40.780709
-74.0064087,40.74403
-74.00712,40.71455
-73.9685415,40.780709
-73.9685415,40.780709
-73.9685415,40.780709
-73.9685415,40.780709
-73.99334173,40.74731105
-73.99081707,40.76071578
-73.99278645,40.75052792
-73.97990671,40.75823607
-73.95401646,40.81736772
-73.96555556,40.76916667
-74.0064,40.7142
-73.98847061,40.71662919
-74.0007613,40.7207559
-73.9685415,40.780709
-73.9685415,40.780709
-73.97071642,40.78946043
-73.9851913,40.7523804
-73.9685415,40.780709
-73.9685415,40.780709
-73.9685415,40.780709
-73.9847946,40.7445908
-73.9685415,40.780709
-73.97530669,40.76892437
-73.97921998,40.75904549
-73.985131,40.758895
-73.9685415,40.780709
-73.9685415,40.780709
-74.0064,40.7142
-73.9685415,40.780709
-73.9685415,40.780709
-74.0059731,40.7143528
-73.9685415,40.780709
-73.9685415,40.780709
-73.9685415,40.780709
-73.9685415,40.780709
-74.0041656,40.748703
-73.9685415,40.780709
-73.9685415,40.780709
-73.9685415,40.780709
-73.9685415,40.780709
-73.9685415,40.780709
-74.0082932,40.7395058
-73.9685415,40.780709
-73.9685415,40.780709
-73.9932872,40.7602619
-73.9685415,40.780709
-74.0064,40.7142
-73.9685415,40.780709
-73.9685415,40.780709
-73.9685415,40.780709
-73.97712991,40.76148016
-74.0007613,40.7207559
-73.9685415,40.780709
-74.0064,40.7142
-73.9685415,40.780709
-73.97047174,40.75161695
-73.9685415,40.780709
-74.0067978,40.7406616
-73.9685415,40.780709
-73.92849849999999,40.8569435
-73.97313893,40.76394621
-73.9685415,40.780709
-73.989212,40.7206116
-73.9685415,40.780709
-73.9685415,40.780709
-73.9685415,40.780709
-73.9685415,40.780709
-73.9685415,40.780709
-73.989212,40.7206116
-73.98692632,40.76027489
-73.9685415,40.780709
-73.9685415,40.780709
-73.9685415,40.780709
-73.9685415,40.780709
-73.97530669,40.76892437
-73.9685415,40.780709
-73.99745499999999,40.7611535
-73.9685415,40.780709
-73.99013624,40.75093355
-73.99201031,40.72915009
-73.9685415,40.780709
-73.9685415,40.780709
-74.0395,40.69902778
-73.9685415,40.780709
-73.9685415,40.780709
-73.9685415,40.780709
-73.931905,40.86484
-73.9685415,40.780709
-74.00238853,40.73365539
-74.0064,40.7142
-73.9685415,40.780709
-73.9685415,40.780709
-73.997295,40.7473
-73.9849167,40.7399101
-73.9824905,40.7713776
-73.9685415,40.780709
-73.986954,40.760259
-73.9685415,40.780709
-73.9685415,40.780709
-74.0064,40.7142
-73.9685415,40.780709
-73.9685415,40.780709
-73.97712991,40.76148016
-73.9685415,40.780709
-74.0064,40.7142
-73.9685415,40.780709
-74.0064,40.7142
-73.9685415,40.780709
-73.989212,40.7206116
-74.00062233,40.72987687
-73.9685415,40.780709
-74.00334339,40.74982357
-73.9685415,40.780709
-73.9685415,40.780709
-73.9767532,40.7591591
-73.9685415,40.780709
-74.0064,40.7142
-73.9685415,40.780709
-73.992349,40.739611
-73.9685415,40.780709
-73.9685415,40.780709
-73.9685415,40.780709
-73.9685415,40.780709
-73.9685415,40.780709
-73.9685415,40.780709
-73.9685415,40.780709
-74.00611111,40.7425
-73.9685415,40.780709
-73.9685415,40.780709
-73.9685415,40.780709
-73.9685415,40.780709
-73.9685415,40.780709
-73.9685415,40.780709
-73.9685415,40.780709
-73.9685415,40.780709
-73.9685415,40.780709
-73.9685415,40.780709
-73.9685415,40.780709
-73.9861,40.75922
-73.9685415,40.780709
-73.9965335,40.730830999999995
-73.9685415,40.780709
-73.9988098,40.7290802
-73.9685415,40.780709
-73.9685415,40.780709
-73.9685415,40.780709
-73.9685415,40.780709
-73.97717535,40.75280621
-73.9685415,40.780709
-73.97260287,40.78594368
-73.983,40.7391
-73.97541276,40.75196884
-74.0064,40.7142
-73.9685415,40.780709
-74.0064,40.7142
-73.9685415,40.780709
-73.986659,40.754696
-73.989212,40.7206116
-73.9685415,40.780709
-73.9685415,40.780709
-73.9856034,40.7630102
-73.9685415,40.780709
-73.9685415,40.780709
-74.0080795,40.73629
-74.00460872,40.71223039
-73.9685415,40.780709
-73.987346,40.756534
-73.9927597,40.7696991
-73.9685415,40.780709
-73.9685415,40.780709
-73.9685415,40.780709
-73.97149511,40.78083859
-73.9685415,40.780709
-73.98844423,40.72183614
-73.9685415,40.780709
-73.9685415,40.780709
-73.984787,40.7499619
-73.9685415,40.780709
-73.98856401,40.75061379
-73.9685415,40.780709
-73.9685415,40.780709
-73.9856034,40.7630102
-74.00092258,40.72949182
-73.9685415,40.780709
-73.95261045,40.8107966
-73.99278645,40.75052792
-73.9685415,40.780709
-73.9685415,40.780709
-74.00600094,40.74608875
-74.0007613,40.7207559
-73.957,40.825
-73.99747971,40.73089074
-73.986415,40.755043
-73.9685415,40.780709
-74.01280908,40.71215302
-73.95401646,40.81736772
-73.9685415,40.780709
-73.9685415,40.780709
-73.9685415,40.780709
-73.9685415,40.780709
-74.01447961,40.70232417
-73.98620169,40.72624332
-73.9795837,40.7591286
-73.97933722,40.75903357
-73.9685415,40.780709
-73.97990671,40.75823607
-73.9675,40.7779
-73.9685415,40.780709
-73.93571377,40.85014433
-73.9685415,40.780709
-73.9685415,40.780709
-73.9874573,40.7586098
-73.9685415,40.780709
-73.9871063,40.7591095
-73.9685415,40.780709
-73.9685415,40.780709
-73.9685415,40.780709
-73.9973755,40.7225647
-73.97933722,40.75903357
-73.9685415,40.780709
-73.9685415,40.780709
-73.9685415,40.780709
-73.9862671,40.7307816
-73.9685415,40.780709
-73.95401646,40.81736772
-74.0064,40.7142
-73.99094288,40.76515263
-73.95460107,40.77396846
-73.9685415,40.780709
-73.9685415,40.780709
-73.962014,40.767812
-73.98951389,40.72943191
-73.9685415,40.780709
-73.9685415,40.780709
-74.0159547,40.71300206
-73.9685415,40.780709
-73.9685415,40.780709
-73.9685415,40.780709
-73.9685415,40.780709
-73.9685415,40.780709
-73.9685415,40.780709
-73.98692632,40.76027489
-73.9685415,40.780709
-73.9685415,40.780709
-73.97857241,40.76230513
-73.9685415,40.780709
-73.9933472,40.7344513
-73.9685415,40.780709
-73.9685415,40.780709
-73.9685415,40.780709
-73.99916667,40.6975
-73.9685415,40.780709
-73.98980856,40.71406968
-73.9685415,40.780709
-73.9685415,40.780709
-73.9253387,40.8619118
-74.0112559,40.70685703
-73.990479,40.739712
-73.9685415,40.780709
-74.0064,40.7142
-74.00278208,40.71076371
-73.9685415,40.780709
-73.9685415,40.780709
-73.9685415,40.780709
-73.9878998,40.7221184
-73.9685415,40.780709
-73.98767768,40.75731631
-73.9685415,40.780709
-73.97530669,40.76892437
-73.9685415,40.780709
-73.98692632,40.76027489
-73.94509362,40.80849669
-74.01282645,40.7116531
-73.9685415,40.780709
-73.9685415,40.780709
-73.98922694,40.731698
-73.9685415,40.780709
-73.9685415,40.780709
-74.0007613,40.7207559
-73.9685415,40.780709
-73.946798,40.7768265
-73.9685415,40.780709
-73.97712991,40.76148016
-74.0064,40.7142
-73.9685415,40.780709
-73.979855,40.758194
-73.9685415,40.780709
-73.9685415,40.780709
-73.9685415,40.780709
-73.9685415,40.780709
-74.01305315,40.71201454
-73.9685415,40.780709
-73.9685415,40.780709
-73.9685415,40.780709
-73.99278645,40.75052792
-73.9685415,40.780709
-73.99278645,40.75052792
-73.9930725,40.7444382
-74.00460872,40.71223039
-73.99319509,40.74140245
-73.9685415,40.780709
-73.9685415,40.780709
-73.988434,40.753647
-74.0007613,40.7207559
-73.96692898,40.78789116
-73.97530669,40.76892437
-73.9685415,40.780709
-73.9685415,40.780709
-73.9685415,40.780709
-73.9685415,40.780709
-73.9685415,40.780709
-73.9685415,40.780709
-73.9253387,40.8619118
-73.9685415,40.780709
-73.9685415,40.780709
-73.9685415,40.780709
-73.9685415,40.780709
-73.9892578,40.7295113
-73.9685415,40.780709
-74.0064,40.7142
-74.04453437,40.68926515
-73.97712991,40.76148016
-73.9685415,40.780709
-73.9685415,40.780709
-73.97873562,40.76423834
-73.9685415,40.780709
-73.99922632,40.72247931
-73.95050959,40.77470893
-73.97990671,40.75823607
-73.9685415,40.780709
-73.97071642,40.78946043
-73.9685415,40.780709
-73.97261812,40.75614991
-73.985131,40.758895
-73.9685415,40.780709
-73.9685415,40.780709
-73.9737473,40.791069
-73.9685415,40.780709
-73.97712991,40.76148016
-73.97740796,40.75261775
-73.9253387,40.8619118
-73.97921998,40.75904549
-74.0064,40.7142
-74.0048676,40.7334213
-73.9685415,40.780709
-73.971135,40.774123
-73.97408268,40.76807394
-73.994701,40.740079
-73.986,40.748
-73.9685415,40.780709
-73.9685415,40.780709
-73.9685415,40.780709
-73.9756622,40.7592697
-73.9685415,40.780709
-73.9685415,40.780709
-73.9685415,40.780709
-74.0064,40.7142
-74.00347550000001,40.7235455
-73.98686821,40.76029877
-73.9685415,40.780709
-73.96297384,40.77912965
-73.9685415,40.780709
-73.9685415,40.780709
-73.9685415,40.780709
-74.0064,40.7142
-73.9784698,40.7645493
-73.9685415,40.780709
-73.9965335,40.730830999999995
-73.9685415,40.780709
-73.9685415,40.780709
-73.9685415,40.780709
-73.98853804,40.74421528
-73.9685415,40.780709
-73.9685415,40.780709
-73.9685415,40.780709
-73.9685415,40.780709
-73.9685415,40.780709
-73.9685415,40.780709
-73.987007,40.7770105
-73.9685415,40.780709
-73.9886475,40.7582817
-73.9685415,40.780709
-73.9685415,40.780709
-73.95091401,40.7774776
-73.9685415,40.780709
-73.9685415,40.780709
-73.9685415,40.780709
-73.97769655,40.75287348
-73.9253387,40.8619118
-73.9685415,40.780709
-73.983,40.7391
-74.0064,40.7142
-73.9685415,40.780709
-73.9735565,40.7626457
-73.9685415,40.780709
-73.9685415,40.780709
-73.9685415,40.780709
-73.9685415,40.780709
-74.0064,40.7142
-73.9685415,40.780709
-73.94273094,40.78905082
-73.9685415,40.780709
-73.9685415,40.780709
-73.9685415,40.780709
-73.9685415,40.780709
-73.9685415,40.780709
-74.0028381,40.7169609
-73.9685415,40.780709
-73.9685415,40.780709
-73.9685415,40.780709
-73.9685415,40.780709
-73.9685415,40.780709
-74.0145874,40.7095757
-73.98562585,40.74880257
-73.9685415,40.780709
-73.9685415,40.780709
-73.9685415,40.780709
-73.9767532,40.7591591
-73.9886475,40.7582817
-73.9685415,40.780709
-74.0064,40.7142
-73.9685415,40.780709
-73.9685415,40.780709
-73.985925,40.75909
-73.9685415,40.780709
-73.9685415,40.780709
-73.985131,40.758895
-74.0042348,40.73280571
-73.9685415,40.780709
-73.9685415,40.780709
-73.9685415,40.780709
-73.9685415,40.780709
-73.986702,40.7271385
-73.9685415,40.780709
-73.9685415,40.780709
-73.99047229,40.76135789
-74.00597,40.71427
-73.9685415,40.780709
-73.9685415,40.780709
-73.9685415,40.780709
-73.966456,40.7560275
-73.9685415,40.780709
-73.98569171,40.75727262
-73.9685415,40.780709
-73.9685415,40.780709
-73.9685415,40.780709
-73.9685415,40.780709
-73.9685415,40.780709
-73.96087105,40.7674326
-73.9685415,40.780709
-73.9685415,40.780709
-73.9523621,40.8047104
-73.9685415,40.780709
-73.9685415,40.780709
-73.9766998,40.7603683
-73.9685415,40.780709
-73.99922632,40.72247931
-73.9685415,40.780709
-73.9685415,40.780709
-74.0064,40.7142
-73.9685415,40.780709
-73.9685415,40.780709
-73.9685415,40.780709
-73.9685415,40.780709
-73.9685415,40.780709
-73.971135,40.774123
-73.9685415,40.780709
-73.9685415,40.780709
-73.97530669,40.76892437
-73.9685415,40.780709
-73.99278645,40.75052792
-73.9685415,40.780709
-73.9685415,40.780709
-74.0064,40.7142
-73.9685415,40.780709
-73.9893723,40.7371407
-73.97740796,40.75261775
-73.9685415,40.780709
-73.9685415,40.780709
-73.986,40.747
-73.9685415,40.780709
-74.0064,40.7142
-73.988173,40.766762
-73.98466667,40.75772222
-73.9685415,40.780709
-73.9685415,40.780709
-73.96100999999999,40.7617045
-73.9685415,40.780709
-73.9685415,40.780709
-73.9685415,40.780709
-73.955297,40.7683035
-73.9685415,40.780709
-73.993,40.7197
-73.9685415,40.780709
-73.9685415,40.780709
-73.9685415,40.780709
-73.9685415,40.780709
-73.9685415,40.780709
-74.0064,40.7142
-73.95244817,40.77276617
-74.0028381,40.7169609
-73.9273682,40.8658218
-73.99922632,40.72247931
-73.9685415,40.780709
-73.9685415,40.780709
-73.971135,40.774123
-73.9685415,40.780709
-74.00460872,40.71223039
-73.9685415,40.780709
-73.9685415,40.780709
-73.92849849999999,40.8569435
-73.9685415,40.780709
-73.9685415,40.780709
-73.9685415,40.780709
-73.9685415,40.780709
-73.9685415,40.780709
-73.9685415,40.780709
-73.9685415,40.780709
-73.9685415,40.780709
-73.9685415,40.780709
-73.9685415,40.780709
-73.9685415,40.780709
-73.9685415,40.780709
-73.9685415,40.780709
-73.9685415,40.780709
-73.9588394,40.8153687
-73.9685415,40.780709
-73.9685415,40.780709
-74.0064,40.7142
-73.993499,40.750516
-73.9685415,40.780709
-73.9685415,40.780709
-73.9685415,40.780709
-73.9685415,40.780709
-73.9685415,40.780709
-73.9685415,40.780709
-73.9685415,40.780709
-73.9837494,40.7735023
-73.9685415,40.780709
-73.9685415,40.780709
-73.9685415,40.780709
-73.9685415,40.780709
-73.9685415,40.780709
-73.9685415,40.780709
-73.9882126,40.7625084
-73.9685415,40.780709
-73.9685415,40.780709
-73.97740796,40.75261775
-73.9685415,40.780709
-73.97071642,40.78946043
-73.9685415,40.780709
-73.9685415,40.780709
-73.949594,40.8268885
-73.98800494,40.75485026
-73.951739,40.80981
-73.989212,40.7206116
-73.9685415,40.780709
-73.98193359,40.77127936
-73.9685415,40.780709
-73.96539800000001,40.782453000000004
-73.9685415,40.780709
-73.9685415,40.780709
-73.97396169,40.73203559
-73.9685415,40.780709
-73.9685415,40.780709
-73.9685415,40.780709
-73.9685415,40.780709
-73.9685415,40.780709
-73.9685415,40.780709
-73.9685415,40.780709
-73.9685415,40.780709
-74.00460872,40.71223039
-73.9685415,40.780709
-73.9685415,40.780709
-73.9970551,40.7634773
-73.9685415,40.780709
-73.9685415,40.780709
-73.9675,40.7779
-73.99922632,40.72247931
-73.9685415,40.780709
-73.985925,40.75909
-73.9685415,40.780709
-73.9685415,40.780709
-73.98562585,40.74880257
-73.9685415,40.780709
-73.99192421,40.73836801
-73.9950104,40.7592812
-73.9685415,40.780709
-73.9685415,40.780709
-73.9685415,40.780709
-73.999968,40.718796
-73.9685415,40.780709
-73.9685415,40.780709
-73.92849849999999,40.8569435
-73.9685415,40.780709
-73.9685415,40.780709
-73.9685415,40.780709
-73.97530669,40.76892437
-73.9685415,40.780709
-73.9685415,40.780709
-73.9685415,40.780709
-73.9685415,40.780709
-73.9685415,40.780709
-73.9685415,40.780709
-73.9685415,40.780709
-74.0064,40.7142
-73.9685415,40.780709
-73.9685415,40.780709
-74.00460872,40.71223039
-73.9685415,40.780709
-73.9685415,40.780709
-73.9685415,40.780709
-74.0029221,40.7315407
-73.9685415,40.780709
-73.9864273,40.7294655
-73.96297384,40.77912965
-73.9685415,40.780709
-74.0007613,40.7207559
-73.9685415,40.780709
-73.9685415,40.780709
-73.9685415,40.780709
-73.98831913,40.75673971
-73.9685415,40.780709
-74.0064,40.7142
-73.9685415,40.780709
-73.9685415,40.780709
-74.00131,40.75677
-73.9685415,40.780709
-73.96423046,40.80742146
-73.9685415,40.780709
-73.9685415,40.780709
-73.97458443,40.78277247
-74.0119,40.7078
-73.9932,40.7202
-73.9898834,40.7471809
-74.00460872,40.71223039
-73.9685415,40.780709
-73.9685415,40.780709
-73.9685415,40.780709
-74.002037,40.7338524
-73.9685415,40.780709
-73.9685415,40.780709
-73.97530669,40.76892437
-73.9685415,40.780709
-73.985131,40.758895
-74.0064,40.7142
-73.95427006,40.7791723
-73.9685415,40.780709
-74.00712,40.71455
-73.9685415,40.780709
-73.9685415,40.780709
-73.9685415,40.780709
-73.9685415,40.780709
-73.97530669,40.76892437
-73.9685415,40.780709
-73.982163,40.75830407
-73.9685415,40.780709
-73.9685415,40.780709
-73.991661,40.724819
-73.9685415,40.780709
-73.982612,40.775072
-73.97201150000001,40.79871949999999
-73.9932,40.7202
-74.0033112,40.7330627
-73.9901733,40.7204819
-73.9685415,40.780709
-73.9685415,40.780709
-73.9685415,40.780709
-73.9685415,40.780709
-73.9685415,40.780709
-73.9685415,40.780709
-73.9685415,40.780709
-73.99157812,40.75956389
-73.9685415,40.780709
-73.9685415,40.780709
-73.94837221,40.80141537
-73.9685415,40.780709
-73.9685415,40.780709
-73.98660889,40.73305334
-73.9685415,40.780709
-73.9685415,40.780709
-73.99038391,40.74433132
-73.9685415,40.780709
-73.98980201,40.75715313
-73.9871902,40.7218285
-73.96297384,40.77912965
-73.9685415,40.780709
-73.97133746,40.78132124
-73.9685415,40.780709
-73.9685415,40.780709
-73.9932,40.7202
-73.9594727,40.7830811
-73.99116502,40.76364254
-73.9685415,40.780709
-73.9743118,40.7637291
-73.9685415,40.780709
-73.9685415,40.780709
-73.9685415,40.780709
-74.00460872,40.71223039
-73.99062356,40.7236771
-73.9685415,40.780709
-73.9685415,40.780709
-73.98318339,40.73138657
-73.9685415,40.780709
-73.99916667,40.6975
-73.9932,40.7202
-73.9685415,40.780709
-73.95401646,40.81736772
-73.9685415,40.780709
-73.9685415,40.780709
-74.0064,40.7142
-73.97183333,40.77583333
-73.9685415,40.780709
-73.98771904,40.74996702
-73.9685415,40.780709
-73.987007,40.7770105
-73.9916611,40.7371483
-73.9847946,40.7445908
-73.9685415,40.780709
-74.00001602,40.71669795
-74.00001602,40.71669795
-74.00001602,40.71669795
-74.00001602,40.71669795
-73.9685415,40.780709
-73.9685415,40.780709
-74.00460872,40.71223039
-73.980199,40.755677
-73.9964523,40.744091
-73.9685415,40.780709
-73.9685415,40.780709
-73.989304,40.720429
-73.9685415,40.780709
-73.9685415,40.780709
-73.9844971,40.7289543
-73.9992981,40.7457733
-73.9685415,40.780709
-73.9685415,40.780709
-73.98903974,40.72550875
-73.9685415,40.780709
-73.9685415,40.780709
-73.9685415,40.780709
-74.0064,40.7142
-73.97740796,40.75261775
-73.99175,40.75228
-73.98466667,40.75772222
-73.9685415,40.780709
-73.9727509,40.75605687
-73.9685415,40.780709
-73.9685415,40.780709
-73.9685415,40.780709
-73.987381,40.7361412
-73.9685415,40.780709
-73.9685415,40.780709
-73.9685415,40.780709
-73.9685415,40.780709
-73.9685415,40.780709
-73.9685415,40.780709
-73.99278645,40.75052792
-74.0064,40.7142
-73.9685415,40.780709
-73.992613,40.724739
-73.9685415,40.780709
-73.97530669,40.76892437
-73.9685415,40.780709
-73.9685415,40.780709
-73.96556937,40.79309721
-73.98408722,40.75748203
-73.9685415,40.780709
-73.9884796,40.7349586
-73.98711774,40.75946529
-73.9685415,40.780709
-73.9685415,40.780709
-73.9685415,40.780709
-73.98168297,40.75302864
-73.9685415,40.780709
-73.9685415,40.780709
-74.01543007,40.71459623
-73.9685415,40.780709
-74.007347,40.73443
-73.9927597,40.7696991
-73.9685415,40.780709
-73.9685415,40.780709
-74.0064,40.7142
-73.96083683,40.79443024
-73.9685415,40.780709
-73.9900355,40.72350406
-73.9685415,40.780709
-73.9694519,40.7982941
-73.9685415,40.780709
-73.98886462,40.75683985
-73.958561,40.815354
-73.9685415,40.780709
-74.0029297,40.7236023
-73.9685415,40.780709
-73.986323,40.75759862
-73.99236981,40.71732381
-73.99652481,40.72021732
-73.9685415,40.780709
-73.9685415,40.780709
-74.0064,40.7142
-73.9685415,40.780709
-74.0064,40.7142
-73.9685415,40.780709
-73.99037731,40.75637039
-73.9685415,40.780709
-73.9856034,40.7630102
-73.946798,40.7768265
-73.9685415,40.780709
-73.991539,40.7413406
-74.0064,40.7142
-73.9685415,40.780709
-73.9685415,40.780709
-73.9937363,40.7416191
-73.9685415,40.780709
-74.0046768,40.7396049
-73.9685415,40.780709
-73.9754945,40.723119
-73.9685415,40.780709
-73.9685415,40.780709
-73.9685415,40.780709
-73.9685415,40.780709
-73.9685415,40.780709
-73.9685415,40.780709
-73.9754643,40.7230986
-73.9685415,40.780709
-73.98816,40.74147
-73.9685415,40.780709
-73.9685415,40.780709
-73.9685415,40.780709
-73.9685415,40.780709
-73.9685415,40.780709
-73.99250546,40.74700408
-73.99312619,40.74139989
-73.9685415,40.780709
-73.95091401,40.7774776
-73.9685415,40.780709
-73.985131,40.758895
-73.9685415,40.780709
-73.98373145,40.75391862
-73.9685415,40.780709
-74.0064,40.7142
-73.9685415,40.780709
-73.9685415,40.780709
-73.9685415,40.780709
-73.9697795,40.7519846
-73.9694519,40.7982941
-73.9685415,40.780709
-73.9685415,40.780709
-73.985131,40.758895
-73.9685415,40.780709
-73.9685415,40.780709
-73.9685415,40.780709
-73.96910191,40.75349907
-73.9685415,40.780709
-73.9685415,40.780709
-73.9685415,40.780709
-73.9685415,40.780709
-73.9685415,40.780709
-73.9985504,40.7146301
-73.9685415,40.780709
-73.99278645,40.75052792
-73.9690823,40.7971465
-74.0064,40.7142
-73.9685415,40.780709
-73.9895261,40.7507917
-73.9685415,40.780709
-73.9685415,40.780709
-73.9685415,40.780709
-74.00982758,40.70697081
-73.9685415,40.780709
-73.9685415,40.780709
-73.96910191,40.75349907
-73.9685415,40.780709
-73.9685415,40.780709
-73.9685415,40.780709
-73.9685415,40.780709
-73.9685415,40.780709
-73.9685415,40.780709
-73.9685415,40.780709
-73.9685415,40.780709
-73.983223,40.7449989
-73.9685415,40.780709
-73.97891732,40.75882475
-73.9685415,40.780709
-73.9685415,40.780709
-74.01394345,40.71328103
-74.0064,40.7142
-73.9685415,40.780709
-73.9685415,40.780709
-73.9685415,40.780709
-73.9685415,40.780709
-73.9685415,40.780709
-73.9685415,40.780709
-73.9685415,40.780709
-73.9685415,40.780709
-73.9895261,40.7507917
-73.98979783,40.74203037
-73.9685415,40.780709
-73.9685415,40.780709
-73.9685415,40.780709
-74.00597,40.71427
-73.98270607,40.74237991
-73.9685415,40.780709
-74.0064,40.7142
-73.97216850000001,40.74578350000001
-73.9685415,40.780709
-73.9685415,40.780709
-74.0064,40.7142
-73.9685415,40.780709
-74.0012817,40.7420006
-73.9685415,40.780709
-73.9685415,40.780709
-73.9685415,40.780709
-73.9685415,40.780709
-73.9685415,40.780709
-73.9685415,40.780709
-73.9685415,40.780709
-73.9685415,40.780709
-73.98373145,40.75391862
-73.9685415,40.780709
-73.9685415,40.780709
-73.97740796,40.75261775
-73.9685415,40.780709
-73.9685415,40.780709
-73.9685415,40.780709
-73.9685415,40.780709
-73.986268,40.75649
-74.0059731,40.7143528
-73.98682857,40.75591553
-73.9685415,40.780709
-73.9685415,40.780709
-73.9685415,40.780709
-74.0064,40.7142
-74.0097122,40.7351799
-73.9685415,40.780709
-73.9685415,40.780709
-73.98611111,40.73777778
-74.0064,40.7142
-73.9685415,40.780709
-73.9685415,40.780709
-73.9685415,40.780709
-73.992897,40.7346191
-73.9685415,40.780709
-73.9685415,40.780709
-73.9685415,40.780709
-73.9685415,40.780709
-73.9685415,40.780709
-74.0059731,40.7143528
-73.9685415,40.780709
-73.993561,40.722239
-73.9822922,40.7468605
-73.9685415,40.780709
-73.985131,40.758895
-73.9962311,40.7667999
-73.9685415,40.780709
-73.9468231,40.8138504
-73.99278645,40.75052792
-74.0064,40.7142
-73.952,40.7874
-73.9685415,40.780709
-73.99044009,40.73592883
-73.9685415,40.780709
-73.9685415,40.780709
-73.98692632,40.76027489
-73.9456533,40.83541527
-73.9685415,40.780709
-73.9685415,40.780709
-73.98735461,40.72024224
-74.0064,40.7142
-73.97530669,40.76892437
-73.9685415,40.780709
-73.99278645,40.75052792
-73.9685415,40.780709
-73.9685415,40.780709
-73.95134394,40.7718637
-73.9685415,40.780709
-73.9685415,40.780709
-73.9685415,40.780709
-73.9253387,40.8619118
-73.9685415,40.780709
-73.9685415,40.780709
